{
  "n_features": 205,
  "train_size": 288,
  "val_size": 96,
  "test_size": 96,
  "class_balance": {
    "0": 335,
    "1": 145
  },
  "random_seed": 42,
  "split_ratio": "60/20/20",
  "train_times_seconds": {
    "Logistic Regression": 0.013224601745605469,
    "SVM (RBF)": 0.015107154846191406,
    "KNN (k=5)": 0.0012087821960449219,
    "Decision Tree": 0.007292509078979492,
    "Random Forest": 0.18490171432495117,
    "Gradient Boosting": 1.3668878078460693,
    "XGBoost": 2.0165469646453857,
    "CatBoost": 2.557131052017212
  },
  "cv_results": {
    "Logistic Regression": {
      "cv_accuracy_mean": 0.8786448880822746,
      "cv_accuracy_std": 0.030307503547783006,
      "cv_f1_mean": 0.8065162907268171,
      "cv_f1_std": 0.046769563168739654,
      "cv_roc_auc_mean": 0.9482839151920931,
      "cv_roc_auc_std": 0.025226041866001275,
      "cv_folds": 5
    },
    "SVM (RBF)": {
      "cv_accuracy_mean": 0.8856624319419237,
      "cv_accuracy_std": 0.04120799239835226,
      "cv_f1_mean": 0.787695315437251,
      "cv_f1_std": 0.09226724618284264,
      "cv_roc_auc_mean": 0.9542949944205326,
      "cv_roc_auc_std": 0.02481321520056661,
      "cv_folds": 5
    },
    "KNN (k=5)": {
      "cv_accuracy_mean": 0.8540834845735027,
      "cv_accuracy_std": 0.035901549288198435,
      "cv_f1_mean": 0.7176637035076238,
      "cv_f1_std": 0.09181201885448373,
      "cv_roc_auc_mean": 0.900494380679101,
      "cv_roc_auc_std": 0.029022909104688136,
      "cv_folds": 5
    },
    "Decision Tree": {
      "cv_accuracy_mean": 0.9134906231094979,
      "cv_accuracy_std": 0.04468239728241109,
      "cv_f1_mean": 0.8557339742992541,
      "cv_f1_std": 0.07490123427682915,
      "cv_roc_auc_mean": 0.9012581699346406,
      "cv_roc_auc_std": 0.0640551136498067,
      "cv_folds": 5
    },
    "Random Forest": {
      "cv_accuracy_mean": 0.9411373260738053,
      "cv_accuracy_std": 0.03186230889053917,
      "cv_f1_mean": 0.8936032594856123,
      "cv_f1_std": 0.06549903615371545,
      "cv_roc_auc_mean": 0.9791939662043679,
      "cv_roc_auc_std": 0.021532134211542042,
      "cv_folds": 5
    },
    "Gradient Boosting": {
      "cv_accuracy_mean": 0.9445856019358742,
      "cv_accuracy_std": 0.04796937646392575,
      "cv_f1_mean": 0.9001298701298701,
      "cv_f1_std": 0.08794631998833304,
      "cv_roc_auc_mean": 0.9420275386577395,
      "cv_roc_auc_std": 0.06582362706816006,
      "cv_folds": 5
    },
    "XGBoost": {
      "cv_accuracy_mean": 0.9618874773139744,
      "cv_accuracy_std": 0.027526707998664007,
      "cv_f1_mean": 0.9305080213903743,
      "cv_f1_std": 0.052221803071854075,
      "cv_roc_auc_mean": 0.9940861629204527,
      "cv_roc_auc_std": 0.007129671182853423,
      "cv_folds": 5
    },
    "CatBoost": {
      "cv_accuracy_mean": 0.9618874773139744,
      "cv_accuracy_std": 0.027526707998664007,
      "cv_f1_mean": 0.9305080213903743,
      "cv_f1_std": 0.052221803071854075,
      "cv_roc_auc_mean": 0.9944117647058824,
      "cv_roc_auc_std": 0.009772498662256568,
      "cv_folds": 5
    }
  },
  "results": [
    {
      "model": "Logistic Regression",
      "split": "train",
      "n_samples": 288,
      "accuracy": 0.9965277777777778,
      "balanced_accuracy": 0.9942528735632183,
      "precision": 1.0,
      "recall": 0.9885057471264368,
      "f1": 0.9942196531791907,
      "roc_auc": 1.0,
      "log_loss": 0.04498843620453849,
      "mcc": 0.9917722290520541,
      "tn": 201,
      "fp": 0,
      "fn": 1,
      "tp": 86
    },
    {
      "model": "Logistic Regression",
      "split": "val",
      "n_samples": 96,
      "accuracy": 0.8854166666666666,
      "balanced_accuracy": 0.8592382913021102,
      "precision": 0.8214285714285714,
      "recall": 0.7931034482758621,
      "f1": 0.8070175438596491,
      "roc_auc": 0.9186824498198662,
      "log_loss": 0.5285018384056794,
      "mcc": 0.7257976303838015,
      "tn": 62,
      "fp": 5,
      "fn": 6,
      "tp": 23
    },
    {
      "model": "Logistic Regression",
      "split": "test",
      "n_samples": 96,
      "accuracy": 0.8541666666666666,
      "balanced_accuracy": 0.8172928461142563,
      "precision": 0.7777777777777778,
      "recall": 0.7241379310344828,
      "f1": 0.75,
      "roc_auc": 0.9063304168811117,
      "log_loss": 0.5380046314703713,
      "mcc": 0.6480675094378046,
      "tn": 61,
      "fp": 6,
      "fn": 8,
      "tp": 21
    },
    {
      "model": "SVM (RBF)",
      "split": "train",
      "n_samples": 288,
      "accuracy": 0.9826388888888888,
      "balanced_accuracy": 0.9745239320638188,
      "precision": 0.9880952380952381,
      "recall": 0.9540229885057471,
      "f1": 0.9707602339181286,
      "roc_auc": 0.9966832504145937,
      "log_loss": 0.08088121309978297,
      "mcc": 0.9587183599052507,
      "tn": 200,
      "fp": 1,
      "fn": 4,
      "tp": 83
    },
    {
      "model": "SVM (RBF)",
      "split": "val",
      "n_samples": 96,
      "accuracy": 0.8645833333333334,
      "balanced_accuracy": 0.8540916109109624,
      "precision": 0.75,
      "recall": 0.8275862068965517,
      "f1": 0.7868852459016393,
      "roc_auc": 0.9577972207925888,
      "log_loss": 0.25151697292792846,
      "mcc": 0.6897902595438745,
      "tn": 59,
      "fp": 8,
      "fn": 5,
      "tp": 24
    },
    {
      "model": "SVM (RBF)",
      "split": "test",
      "n_samples": 96,
      "accuracy": 0.8645833333333334,
      "balanced_accuracy": 0.8247555326814204,
      "precision": 0.8076923076923077,
      "recall": 0.7241379310344828,
      "f1": 0.7636363636363637,
      "roc_auc": 0.8811116829644879,
      "log_loss": 0.4083468356350221,
      "mcc": 0.6711000336858394,
      "tn": 62,
      "fp": 5,
      "fn": 8,
      "tp": 21
    },
    {
      "model": "KNN (k=5)",
      "split": "train",
      "n_samples": 288,
      "accuracy": 0.9027777777777778,
      "balanced_accuracy": 0.8586378452564762,
      "precision": 0.9154929577464789,
      "recall": 0.7471264367816092,
      "f1": 0.8227848101265823,
      "roc_auc": 0.9634585692228512,
      "log_loss": 0.22585655830925777,
      "mcc": 0.7641607481397262,
      "tn": 195,
      "fp": 6,
      "fn": 22,
      "tp": 65
    },
    {
      "model": "KNN (k=5)",
      "split": "val",
      "n_samples": 96,
      "accuracy": 0.875,
      "balanced_accuracy": 0.8419969119917653,
      "precision": 0.8148148148148148,
      "recall": 0.7586206896551724,
      "f1": 0.7857142857142857,
      "roc_auc": 0.8870303654143078,
      "log_loss": 0.920924414940321,
      "mcc": 0.6985253203915996,
      "tn": 62,
      "fp": 5,
      "fn": 7,
      "tp": 22
    },
    {
      "model": "KNN (k=5)",
      "split": "test",
      "n_samples": 96,
      "accuracy": 0.7916666666666666,
      "balanced_accuracy": 0.7138445702521874,
      "precision": 0.7142857142857143,
      "recall": 0.5172413793103449,
      "f1": 0.6,
      "roc_auc": 0.8383942357179618,
      "log_loss": 0.946156680965402,
      "mcc": 0.4750336166945737,
      "tn": 61,
      "fp": 6,
      "fn": 14,
      "tp": 15
    },
    {
      "model": "Decision Tree",
      "split": "train",
      "n_samples": 288,
      "accuracy": 1.0,
      "balanced_accuracy": 1.0,
      "precision": 1.0,
      "recall": 1.0,
      "f1": 1.0,
      "roc_auc": 1.0,
      "log_loss": 1.0000000494736474e-07,
      "mcc": 1.0,
      "tn": 201,
      "fp": 0,
      "fn": 0,
      "tp": 87
    },
    {
      "model": "Decision Tree",
      "split": "val",
      "n_samples": 96,
      "accuracy": 0.90625,
      "balanced_accuracy": 0.9034997426659804,
      "precision": 0.8125,
      "recall": 0.896551724137931,
      "f1": 0.8524590163934426,
      "roc_auc": 0.9034997426659804,
      "log_loss": 1.5110715579352443,
      "mcc": 0.7860400632011593,
      "tn": 61,
      "fp": 6,
      "fn": 3,
      "tp": 26
    },
    {
      "model": "Decision Tree",
      "split": "test",
      "n_samples": 96,
      "accuracy": 0.8958333333333334,