{
  "model_type": "Hybrid XGBoost-CatBoost with Monte Carlo",
  "n_features": 205,
  "train_size": 288,
  "val_size": 96,
  "test_size": 96,
  "class_balance": {
    "0": 335,
    "1": 145
  },
  "optimal_alpha_xgboost": 0.0,
  "optimal_alpha_catboost": 1.0,
  "validation_logloss": 0.09425056327512482,
  "monte_carlo_runs": 20,
  "monte_carlo_sample_frac": 0.8,
  "metrics": {
    "xgboost": {
      "model": "XGBoost",
      "accuracy": 0.9166666666666666,
      "precision": 0.8888888888888888,
      "recall": 0.8275862068965517,
      "f1": 0.8571428571428571,
      "roc_auc": 0.9737519300051467
    },
    "catboost": {
      "model": "CatBoost",
      "accuracy": 0.9166666666666666,
      "precision": 0.92,
      "recall": 0.7931034482758621,
      "f1": 0.8518518518518519,
      "roc_auc": 0.9845599588265569
    },
    "hybrid": {
      "model": "Hybrid (XGB+Cat)",
      "accuracy": 0.9166666666666666,
      "precision": 0.92,
      "recall": 0.7931034482758621,
      "f1": 0.8518518518518519,
      "roc_auc": 0.9845599588265569
    }
  }
}